version,N,hilos,tiempo_promedio_seg,speedup,eficiencia
paralelo,50,1,0.000787,0.6823,0.6823
paralelo,50,2,0.001107,0.4852,0.2426
paralelo,50,4,0.001530,0.3511,0.0878
paralelo,50,8,0.002317,0.2317,0.0290
paralelo,50,16,0.004035,0.1331,0.0083
paralelo,50,24,0.008263,0.0650,0.0027
secuencial,50,1,0.000537,1.0000,1.0000
paralelo,100,1,0.001386,0.6395,0.6395
paralelo,100,2,0.002026,0.4375,0.2187
paralelo,100,4,0.001828,0.4849,0.1212
paralelo,100,8,0.002441,0.3631,0.0454
paralelo,100,16,0.003655,0.2425,0.0152
paralelo,100,24,0.009393,0.0944,0.0039
secuencial,100,1,0.000886,1.0000,1.0000
paralelo,200,1,0.003229,0.6167,0.6167
paralelo,200,2,0.003543,0.5620,0.2810
paralelo,200,4,0.003125,0.6372,0.1593
paralelo,200,8,0.003217,0.6190,0.0774
paralelo,200,16,0.005603,0.3553,0.0222
paralelo,200,24,0.010776,0.1848,0.0077
secuencial,200,1,0.001991,1.0000,1.0000
paralelo,400,1,0.005072,0.7675,0.7675
paralelo,400,2,0.005052,0.7705,0.3852
paralelo,400,4,0.004762,0.8174,0.2044
paralelo,400,8,0.005772,0.6744,0.0843
paralelo,400,16,0.008227,0.4732,0.0296
paralelo,400,24,0.012750,0.3053,0.0127
secuencial,400,1,0.003893,1.0000,1.0000
paralelo,800,1,0.011741,0.6978,0.6978
paralelo,800,2,0.010904,0.7514,0.3757
paralelo,800,4,0.008844,0.9264,0.2316
paralelo,800,8,0.009538,0.8590,0.1074
paralelo,800,16,0.012170,0.6732,0.0421
paralelo,800,24,0.018806,0.4357,0.0182
secuencial,800,1,0.008193,1.0000,1.0000
paralelo,1600,1,0.026896,0.6352,0.6352
paralelo,1600,2,0.021853,0.7818,0.3909
paralelo,1600,4,0.017533,0.9745,0.2436
paralelo,1600,8,0.016011,1.0671,0.1334
paralelo,1600,16,0.020141,0.8483,0.0530
paralelo,1600,24,0.025467,0.6709,0.0280
secuencial,1600,1,0.017085,1.0000,1.0000
paralelo,3200,1,0.050853,0.6952,0.6952
paralelo,3200,2,0.042418,0.8335,0.4167
paralelo,3200,4,0.033139,1.0669,0.2667
paralelo,3200,8,0.033299,1.0617,0.1327
paralelo,3200,16,0.033945,1.0415,0.0651
paralelo,3200,24,0.044020,0.8031,0.0335
secuencial,3200,1,0.035355,1.0000,1.0000
paralelo,6400,1,0.100872,0.7338,0.7338
paralelo,6400,2,0.083723,0.8841,0.4420
paralelo,6400,4,0.066357,1.1155,0.2789
paralelo,6400,8,0.060452,1.2244,0.1531
paralelo,6400,16,0.066200,1.1181,0.0699
paralelo,6400,24,0.107082,0.6912,0.0288
secuencial,6400,1,0.074019,1.0000,1.0000
paralelo,12800,1,0.206728,0.7739,0.7739
paralelo,12800,2,0.167540,0.9550,0.4775
paralelo,12800,4,0.129981,1.2309,0.3077
paralelo,12800,8,0.115636,1.3836,0.1730
paralelo,12800,16,0.142716,1.1211,0.0701
paralelo,12800,24,0.211138,0.7578,0.0316
secuencial,12800,1,0.159994,1.0000,1.0000
paralelo,25600,1,0.407659,0.7980,0.7980
paralelo,25600,2,0.335273,0.9703,0.4852
paralelo,25600,4,0.255341,1.2741,0.3185
paralelo,25600,8,0.239262,1.3597,0.1700
paralelo,25600,16,0.329981,0.9859,0.0616
paralelo,25600,24,0.440445,0.7386,0.0308
secuencial,25600,1,0.325330,1.0000,1.0000
